{"mean_": [-225.71976699077257, 133.68093297437846, -43.543867251841874, 54.83375418167767, -13.71890808512084, 26.124501814728745, -20.147645608489686, 8.932651288263203, -5.929458209002824, 6.983557473468716, 2.7823093488029937, 2.606604534718289, -0.6478717702637476], "scale_": [126.94852028425869, 41.13613870105094, 29.661522118413377, 20.694275636951954, 21.60792695919959, 15.567458542704804, 12.14918977213715, 10.833831003209443, 8.682759168536512, 5.791977219909513, 8.185368673521786, 5.86620571191166, 4.512005099112608]}